Date,n_rec,n_bor,budget,c,pct_dishonest,rec_alpha_plus_beta,mean_borrower_rpmt,mechanism,rec_shift,collusion_type,frac_misreports,frac_misreports_1,rounds,reps,n_loans,repayment,rec_comp,rec_comp_vol,rec_comp_neg_pct,rounds_to_low_wts_for_dishonest_recs
20220210,6,10,6,0.8,0.34,10,0.6,vcg_scoring,1 5,collusion,0.5,1,10,100,3.26,0.79,0.12,0.15,0.09,2.6
20220210,1,10,6,0.8,0.5,10,0.6,vcg_scoring,1 5,collusion,0.5,0.75,10,100,3.6,0.78,-0.09,0,0.48,0
20220210,2,10,6,0.8,0.5,10,0.6,vcg_scoring,1 5,collusion,0.5,0.75,10,100,3.78,0.75,-0.02,0.28,0.29,2.3
20220210,3,10,6,0.8,0.5,10,0.6,vcg_scoring,1 5,collusion,0.5,0.75,10,100,3.48,0.77,0.1,0.21,0.19,2.48
20220210,4,10,6,0.8,0.5,10,0.6,vcg_scoring,1 5,collusion,0.5,0.75,10,100,3.43,0.79,0.11,0.19,0.13,2.41
20220210,5,10,6,0.8,0.5,10,0.6,vcg_scoring,1 5,collusion,0.5,0.75,10,100,3.42,0.77,0.12,0.17,0.12,2.63
20220210,6,10,6,0.8,0.5,10,0.6,vcg_scoring,1 5,collusion,0.5,0.75,10,100,3.4,0.79,0.13,0.16,0.09,2.92
20220210,7,10,6,0.8,0.5,10,0.6,vcg_scoring,1 5,collusion,0.5,0.75,10,100,3.27,0.79,0.13,0.14,0.07,2.56
20220210,8,10,6,0.8,0.5,10,0.6,vcg_scoring,1 5,collusion,0.5,0.75,10,100,3.38,0.77,0.12,0.14,0.07,2.97
20220210,9,10,6,0.8,0.5,10,0.6,vcg_scoring,1 5,collusion,0.5,0.75,10,100,3.21,0.79,0.13,0.13,0.06,3.03
20220210,10,10,6,0.8,0.5,10,0.6,vcg_scoring,1 5,collusion,0.5,0.75,10,100,3.29,0.79,0.12,0.13,0.04,2.58
20220210,6,10,6,0.8,0,10,0.6,vcg_scoring,1 5,collusion,0.5,0.75,10,100,3.11,0.8,0.11,0.16,0.09,0
20220210,6,10,6,0.8,0.1,10,0.6,vcg_scoring,1 5,collusion,0.5,0.75,10,100,3.13,0.81,0.11,0.16,0.08,0
20220210,6,10,6,0.8,0.2,10,0.6,vcg_scoring,1 5,collusion,0.5,0.75,10,100,3.09,0.78,0.11,0.16,0.1,2.92
20220210,6,10,6,0.8,0.3,10,0.6,vcg_scoring,1 5,collusion,0.5,0.75,10,100,3.22,0.78,0.11,0.16,0.1,2.61
20220210,6,10,6,0.8,0.4,10,0.6,vcg_scoring,1 5,collusion,0.5,0.75,10,100,3.15,0.8,0.13,0.15,0.09,3.18
20220210,6,10,6,0.8,0.5,10,0.6,vcg_scoring,1 5,collusion,0.5,0.75,10,100,3.3,0.79,0.12,0.16,0.09,2.53
20220210,6,10,6,0.8,0.6,10,0.6,vcg_scoring,1 5,collusion,0.5,0.75,10,100,3.39,0.77,0.12,0.16,0.1,2.7
20220210,6,10,6,0.8,0.7,10,0.6,vcg_scoring,1 5,collusion,0.5,0.75,10,100,3.59,0.77,0.09,0.18,0.09,2.59
20220210,6,10,6,0.8,0.8,10,0.6,vcg_scoring,1 5,collusion,0.5,0.75,10,100,3.46,0.77,0.09,0.17,0.1,2.44
20220210,6,10,6,0.8,0.9,10,0.6,vcg_scoring,1 5,collusion,0.5,0.75,10,100,3.78,0.75,0.04,0.21,0.09,2.78
20220210,6,10,6,0.8,1,10,0.6,vcg_scoring,1 5,collusion,0.5,0.75,10,100,4.6,0.66,0.14,0.23,0.1,10
20220210,6,10,6,0.8,0.5,2,0.6,vcg_scoring,1 5,collusion,0.5,0.75,10,100,3.86,0.75,0.14,0.19,0.09,3.59
20220210,6,10,6,0.8,0.5,4,0.6,vcg_scoring,1 5,collusion,0.5,0.75,10,100,3.59,0.75,0.11,0.17,0.1,3.59
20220210,6,10,6,0.8,0.5,6,0.6,vcg_scoring,1 5,collusion,0.5,0.75,10,100,3.47,0.77,0.12,0.16,0.09,2.93
20220210,6,10,6,0.8,0.5,8,0.6,vcg_scoring,1 5,collusion,0.5,0.75,10,100,3.28,0.78,0.11,0.16,0.1,2.55
20220210,6,10,6,0.8,0.5,10,0.6,vcg_scoring,1 5,collusion,0.5,0.75,10,100,3.28,0.78,0.12,0.16,0.1,2.38
20220210,6,10,6,0.8,0.5,12,0.6,vcg_scoring,1 5,collusion,0.5,0.75,10,100,3.35,0.78,0.12,0.16,0.09,3.18
20220210,6,10,6,0.8,0.5,15,0.6,vcg_scoring,1 5,collusion,0.5,0.75,10,100,3.37,0.78,0.12,0.16,0.09,2.9
20220210,6,10,6,0.8,0.5,20,0.6,vcg_scoring,1 5,collusion,0.5,0.75,10,100,3.2,0.79,0.12,0.15,0.1,2.26
20220210,6,10,6,0.8,0.5,30,0.6,vcg_scoring,1 5,collusion,0.5,0.75,10,100,3.13,0.78,0.12,0.14,0.1,2.44
20220210,6,10,6,0.8,0.5,50,0.6,vcg_scoring,1 5,collusion,0.5,0.75,10,100,3.23,0.8,0.13,0.15,0.08,2.54
20220210,6,10,6,0.8,0.5,10,0.1,vcg_scoring,1 5,collusion,0.5,0.75,10,100,0.11,0.36,0,0.01,0.03,8.21
20220210,6,10,6,0.8,0.5,10,0.2,vcg_scoring,1 5,collusion,0.5,0.75,10,100,0.33,0.42,-0.01,0.02,0.07,4.71
20220210,6,10,6,0.8,0.5,10,0.3,vcg_scoring,1 5,collusion,0.5,0.75,10,100,0.54,0.55,0,0.03,0.09,3.3
20220210,6,10,6,0.8,0.5,10,0.4,vcg_scoring,1 5,collusion,0.5,0.75,10,100,1.15,0.67,0.02,0.07,0.12,2.26
20220210,6,10,6,0.8,0.5,10,0.5,vcg_scoring,1 5,collusion,0.5,0.75,10,100,2.08,0.74,0.05,0.1,0.13,2.6
20220210,6,10,6,0.8,0.5,10,0.6,vcg_scoring,1 5,collusion,0.5,0.75,10,100,3.43,0.78,0.12,0.16,0.1,2.77
20220210,6,10,6,0.8,0.5,10,0.7,vcg_scoring,1 5,collusion,0.5,0.75,10,100,4.73,0.83,0.23,0.23,0.05,2.77
20220210,6,10,6,0.8,0.5,10,0.8,vcg_scoring,1 5,collusion,0.5,0.75,10,100,5.78,0.89,0.41,0.35,0.01,3.2
20220210,6,10,6,0.8,0.5,10,0.9,vcg_scoring,1 5,collusion,0.5,0.75,10,100,5.99,0.95,0.55,0.44,0,5.62
20220210,1,10,6,0.8,0.5,10,0.6,truncated_winkler,1 5,collusion,0.5,0.75,10,100,3.59,0.77,-1.68,0,0.45,0
20220210,2,10,6,0.8,0.5,10,0.6,truncated_winkler,1 5,collusion,0.5,0.75,10,100,3.76,0.75,-1.94,2.7,0.34,2.32
20220210,3,10,6,0.8,0.5,10,0.6,truncated_winkler,1 5,collusion,0.5,0.75,10,100,3.33,0.77,-0.86,1.88,0.26,2.48
20220210,4,10,6,0.8,0.5,10,0.6,truncated_winkler,1 5,collusion,0.5,0.75,10,100,3.41,0.78,-0.34,1.16,0.22,2.15
20220210,5,10,6,0.8,0.5,10,0.6,truncated_winkler,1 5,collusion,0.5,0.75,10,100,3.39,0.78,-0.19,0.93,0.21,2.87
20220210,6,10,6,0.8,0.5,10,0.6,truncated_winkler,1 5,collusion,0.5,0.75,10,100,3.46,0.79,-0.13,0.82,0.18,3.02
20220210,7,10,6,0.8,0.5,10,0.6,truncated_winkler,1 5,collusion,0.5,0.75,10,100,3.24,0.8,-0.03,0.61,0.16,3.14
20220210,8,10,6,0.8,0.5,10,0.6,truncated_winkler,1 5,collusion,0.5,0.75,10,100,3.36,0.8,-0.02,0.53,0.15,2.41
20220210,9,10,6,0.8,0.5,10,0.6,truncated_winkler,1 5,collusion,0.5,0.75,10,100,3.28,0.78,-0.02,0.51,0.15,3.11
20220210,10,10,6,0.8,0.5,10,0.6,truncated_winkler,1 5,collusion,0.5,0.75,10,100,3.22,0.79,-0.02,0.5,0.14,2.88
20220210,6,10,6,0.8,0,10,0.6,truncated_winkler,1 5,collusion,0.5,0.75,10,100,3.14,0.8,0.02,0.61,0.15,0
20220210,6,10,6,0.8,0.1,10,0.6,truncated_winkler,1 5,collusion,0.5,0.75,10,100,3.13,0.8,0.02,0.62,0.16,0
20220210,6,10,6,0.8,0.2,10,0.6,truncated_winkler,1 5,collusion,0.5,0.75,10,100,3.18,0.78,-0.37,1.37,0.18,2.87
20220210,6,10,6,0.8,0.3,10,0.6,truncated_winkler,1 5,collusion,0.5,0.75,10,100,3.2,0.79,-0.27,1.19,0.17,2.56
20220210,6,10,6,0.8,0.4,10,0.6,truncated_winkler,1 5,collusion,0.5,0.75,10,100,3.27,0.79,-0.17,0.89,0.19,3
20220210,6,10,6,0.8,0.5,10,0.6,truncated_winkler,1 5,collusion,0.5,0.75,10,100,3.35,0.78,-0.17,0.91,0.18,2.72
20220210,6,10,6,0.8,0.6,10,0.6,truncated_winkler,1 5,collusion,0.5,0.75,10,100,3.45,0.78,-0.16,0.83,0.19,2.38
20220210,6,10,6,0.8,0.7,10,0.6,truncated_winkler,1 5,collusion,0.5,0.75,10,100,3.54,0.77,-0.2,0.97,0.17,2.35
20220210,6,10,6,0.8,0.8,10,0.6,truncated_winkler,1 5,collusion,0.5,0.75,10,100,3.65,0.78,-0.15,0.92,0.17,2.35
20220210,6,10,6,0.8,0.9,10,0.6,truncated_winkler,1 5,collusion,0.5,0.75,10,100,3.68,0.75,-0.31,1.32,0.14,2.92
20220210,6,10,6,0.8,1,10,0.6,truncated_winkler,1 5,collusion,0.5,0.75,10,100,4.59,0.66,-0.48,1.37,0.27,10
20220210,6,10,6,0.8,0.5,2,0.6,truncated_winkler,1 5,collusion,0.5,0.75,10,100,3.81,0.74,-0.62,1.73,0.23,3.31
20220210,6,10,6,0.8,0.5,4,0.6,truncated_winkler,1 5,collusion,0.5,0.75,10,100,3.66,0.77,-0.37,1.26,0.21,3.11
20220210,6,10,6,0.8,0.5,6,0.6,truncated_winkler,1 5,collusion,0.5,0.75,10,100,3.36,0.76,-0.32,1.07,0.2,2.71
20220210,6,10,6,0.8,0.5,8,0.6,truncated_winkler,1 5,collusion,0.5,0.75,10,100,3.3,0.77,-0.18,0.84,0.2,3.16
20220210,6,10,6,0.8,0.5,10,0.6,truncated_winkler,1 5,collusion,0.5,0.75,10,100,3.36,0.77,-0.16,0.82,0.19,2.61
20220210,6,10,6,0.8,0.5,12,0.6,truncated_winkler,1 5,collusion,0.5,0.75,10,100,3.36,0.78,-0.11,0.77,0.19,2.42
20220210,6,10,6,0.8,0.5,15,0.6,truncated_winkler,1 5,collusion,0.5,0.75,10,100,3.26,0.77,-0.09,0.68,0.19,2.45
20220210,6,10,6,0.8,0.5,20,0.6,truncated_winkler,1 5,collusion,0.5,0.75,10,100,3.38,0.78,-0.12,0.74,0.19,2.1
20220210,6,10,6,0.8,0.5,30,0.6,truncated_winkler,1 5,collusion,0.5,0.75,10,100,3.3,0.79,-0.08,0.7,0.17,2.48
20220210,6,10,6,0.8,0.5,50,0.6,truncated_winkler,1 5,collusion,0.5,0.75,10,100,3.22,0.79,-0.05,0.66,0.16,2.35
20220210,6,10,6,0.8,0.5,10,0.1,truncated_winkler,1 5,collusion,0.5,0.75,10,100,0.12,0.34,-0.05,0.06,0.03,8.67
20220210,6,10,6,0.8,0.5,10,0.2,truncated_winkler,1 5,collusion,0.5,0.75,10,100,0.28,0.45,-0.14,0.17,0.07,5.23
20220210,6,10,6,0.8,0.5,10,0.3,truncated_winkler,1 5,collusion,0.5,0.75,10,100,0.55,0.6,-0.15,0.25,0.1,3.12
20220210,6,10,6,0.8,0.5,10,0.4,truncated_winkler,1 5,collusion,0.5,0.75,10,100,1.13,0.66,-0.2,0.43,0.15,2.25
20220210,6,10,6,0.8,0.5,10,0.5,truncated_winkler,1 5,collusion,0.5,0.75,10,100,2.07,0.73,-0.17,0.6,0.18,2.47
20220210,6,10,6,0.8,0.5,10,0.6,truncated_winkler,1 5,collusion,0.5,0.75,10,100,3.32,0.78,-0.1,0.72,0.18,2.29
20220210,6,10,6,0.8,0.5,10,0.7,truncated_winkler,1 5,collusion,0.5,0.75,10,100,5.09,0.82,0,0.99,0.15,3.56
20220210,6,10,6,0.8,0.5,10,0.8,truncated_winkler,1 5,collusion,0.5,0.75,10,100,6.77,0.88,0.4,1.01,0.09,3.77
20220210,6,10,6,0.8,0.5,10,0.9,truncated_winkler,1 5,collusion,0.5,0.75,10,100,8.21,0.92,0.87,1.17,0.03,4.58
20220211,4,10,6,0.9,0.25,6,0.6,truncated_winkler,1 5,collusion,0.5,0.75,10,100,2.11,0.81,-1.23,2.53,0.17,3.34
20220211,4,10,6,0.9,0.25,6,0.6,vcg_scoring,1 5,collusion,0.5,0.75,10,100,2.11,0.8,-0.01,0.12,0.17,3.29
20220211,4,10,6,0.95,0.25,6,0.6,vcg_scoring,1 5,collusion,0.5,0.75,10,100,1.35,0.82,-0.03,0.07,0.12,4.11
20220211,4,10,6,0.95,0.25,60,0.6,vcg_scoring,1 5,collusion,0.5,0.75,10,100,0.99,0.86,-0.01,0.05,0.06,5.54
20220211,4,10,6,0.95,0,60,0.6,vcg_scoring,1 5,collusion,0.5,0.75,10,100,0.97,0.88,-0.01,0.04,0.06,0
20220211,10,10,6,0.95,0,60,0.6,vcg_scoring,1 5,collusion,0.5,0.75,10,100,0.88,0.89,0.01,0.02,0.04,0
20220211,10,10,6,0.95,0,6,0.6,vcg_scoring,1 5,collusion,0.5,0.75,10,100,1.01,0.88,0.01,0.02,0.06,0
20220211,5,10,6,0.95,0,6,0.6,vcg_scoring,1 5,collusion,0.5,0.75,10,100,1.17,0.86,-0.01,0.05,0.08,0
20220211,5,10,6,0.95,0.25,6,0.6,vcg_scoring,1 5,collusion,0.5,0.75,10,100,1.24,0.85,-0.01,0.05,0.08,5.68
20220211,5,10,6,0.9,0.25,6,0.6,vcg_scoring,1 5,collusion,0.5,0.75,10,100,1.96,0.81,0.01,0.11,0.13,3.84
20220211,10,10,6,0.9,0,60,0.6,vcg_scoring,1 5,collusion,0.5,0.75,10,100,1.37,0.87,0.03,0.04,0.05,0
20220211,10,10,6,0.95,0,60,0.6,vcg_scoring,1 5,collusion,0.5,0.75,10,100,0.91,0.89,0.01,0.02,0.05,0
20220211,10,10,6,0.95,0,60,0.8,vcg_scoring,1 5,collusion,0.5,0.75,10,100,3.55,0.95,0.05,0.06,0.05,0
20220211,10,10,6,0.95,0,60,0.9,vcg_scoring,1 5,collusion,0.5,0.75,10,100,5.59,0.96,0.1,0.1,0.03,0
20220211,10,10,6,0.9,0,60,0.9,vcg_scoring,1 5,collusion,0.5,0.75,10,100,5.91,0.97,0.24,0.2,0.01,0
20220211,10,10,6,0.9,0.25,60,0.9,vcg_scoring,1 5,collusion,0.5,0.75,10,100,5.81,0.96,0.27,0.19,0.01,6.19
20220211,10,10,6,0.9,0.25,60,0.6,vcg_scoring,5 5,collusion,0.5,0.75,10,100,3.27,0.77,0.05,0.1,0.1,3.45
20220211,10,10,6,0.9,0.25,60,0.6,vcg_scoring,1 5,collusion,0.5,0.75,10,100,1.55,0.85,0.03,0.05,0.07,5.24
20220211,1,10,6,0.9,0.25,60,0.6,vcg_scoring,1 5,collusion,0.5,0.75,10,100,1.57,0.86,-0.06,0,0.17,0
20220211,2,10,6,0.9,0.25,60,0.6,vcg_scoring,1 5,collusion,0.5,0.75,10,100,1.42,0.86,-0.02,0.11,0.1,0
20220211,3,10,6,0.9,0.25,60,0.6,vcg_scoring,1 5,collusion,0.5,0.75,10,100,1.6,0.86,0,0.1,0.1,0
20220211,4,10,6,0.9,0.25,60,0.6,vcg_scoring,1 5,collusion,0.5,0.75,10,100,1.68,0.83,0,0.1,0.11,3.32
20220211,5,10,6,0.9,0.25,60,0.6,vcg_scoring,1 5,collusion,0.5,0.75,10,100,1.68,0.83,0.01,0.09,0.1,3.69
20220211,6,10,6,0.9,0.25,60,0.6,vcg_scoring,1 5,collusion,0.5,0.75,10,100,1.6,0.84,0.02,0.07,0.09,4.05
20220211,7,10,6,0.9,0.25,60,0.6,vcg_scoring,1 5,collusion,0.5,0.75,10,100,1.5,0.85,0.02,0.06,0.07,4.07
20220211,8,10,6,0.9,0.25,60,0.6,vcg_scoring,1 5,collusion,0.5,0.75,10,100,1.66,0.85,0.03,0.05,0.08,4.26
20220211,8,10,6,0.9,0.25,60,0.6,vcg_scoring,1 5,collusion,0.5,0.75,10,100,1.63,0.85,0.03,0.05,0.07,4.57
20220211,8,10,6,0.9,0.25,60,0.6,vcg_scoring,1 5,collusion,0.5,0.75,10,100,1.6,0.83,0.02,0.05,0.09,4.41
20220211,9,10,6,0.9,0.25,60,0.6,vcg_scoring,1 5,collusion,0.5,0.75,10,100,1.59,0.84,0.03,0.05,0.08,4.38
20220211,1,10,6,0.9,0.25,6,0.6,vcg_scoring,1 5,collusion,0.5,0.75,10,100,2.73,0.79,-0.3,0,0.42,0
20220211,2,10,6,0.9,0.25,6,0.6,vcg_scoring,1 5,collusion,0.5,0.75,10,100,2.19,0.8,-0.09,0.19,0.2,0
20220211,3,10,6,0.9,0.25,6,0.6,vcg_scoring,1 5,collusion,0.5,0.75,10,100,2.26,0.83,-0.02,0.14,0.16,0
20220211,4,10,6,0.9,0.25,6,0.6,vcg_scoring,1 5,collusion,0.5,0.75,10,100,2.1,0.82,0,0.12,0.15,3.7
20220211,4,10,6,0.9,0.25,6,0.6,vcg_scoring,1 5,collusion,0.5,0.75,10,100,2.03,0.8,-0.01,0.12,0.15,3.27
20220211,5,10,6,0.9,0.25,6,0.6,vcg_scoring,1 5,collusion,0.5,0.75,10,100,1.99,0.8,0,0.11,0.14,3.4
20220211,4,10,6,0.9,0,6,0.6,vcg_scoring,1 5,collusion,0.5,0.75,10,100,1.92,0.83,0,0.11,0.13,0
20220211,4,10,6,0.9,0,6,0.6,vcg_scoring,1 5,collusion,0.5,0.75,10,100,2.05,0.84,0.01,0.12,0.13,0
20220211,4,10,6,0.9,0,6,0.6,vcg_scoring,1 5,collusion,0.5,0.75,10,1000,1.99,0.83,0,0.11,0.13,0
20220211,4,10,6,0.9,0,6,0.6,vcg_scoring,1 5,collusion,0.5,0.75,10,1000,2.02,0.83,0,0.11,0.13,0
20220211,5,10,6,0.9,0,6,0.6,vcg_scoring,1 5,collusion,0.5,0.75,10,1000,1.92,0.84,0.01,0.09,0.11,0
20220211,1,10,6,0.9,0,6,0.6,vcg_scoring,1 5,collusion,0.5,0.75,10,1000,2.67,0.8,-0.27,0,0.41,0
20220211,2,10,6,0.9,0,6,0.6,vcg_scoring,1 5,collusion,0.5,0.75,10,1000,2.38,0.81,-0.09,0.19,0.22,0
20220211,1,10,6,0.9,0,2,0.6,vcg_scoring,1 5,collusion,0.5,0.75,10,100,3.83,0.73,-0.67,0,0.65,0
20220211,2,10,6,0.9,0,2,0.6,vcg_scoring,1 5,collusion,0.5,0.75,10,100,3.3,0.77,-0.17,0.27,0.32,0
20220211,3,10,6,0.9,0,2,0.6,vcg_scoring,1 5,collusion,0.5,0.75,10,100,2.95,0.77,-0.07,0.21,0.26,0
20220211,4,10,6,0.9,0,2,0.6,vcg_scoring,1 5,collusion,0.5,0.75,10,100,2.72,0.79,-0.02,0.16,0.2,0
20220211,5,10,6,0.9,0,2,0.6,vcg_scoring,1 5,collusion,0.5,0.75,10,100,2.53,0.8,0.01,0.12,0.17,0
20220211,6,10,6,0.9,0,2,0.6,vcg_scoring,1 5,collusion,0.5,0.75,10,100,2.45,0.79,0.02,0.12,0.14,0
20220211,7,10,6,0.9,0,2,0.6,vcg_scoring,1 5,collusion,0.5,0.75,10,100,2.34,0.8,0.02,0.1,0.13,0
20220211,8,10,6,0.9,0,2,0.6,vcg_scoring,1 5,collusion,0.5,0.75,10,100,2.15,0.8,0.03,0.08,0.11,0
20220211,9,10,6,0.9,0,2,0.6,vcg_scoring,1 5,collusion,0.5,0.75,10,100,2.17,0.83,0.03,0.08,0.09,0
20220211,10,10,6,0.9,0,2,0.6,vcg_scoring,1 5,collusion,0.5,0.75,10,100,2.1,0.83,0.04,0.07,0.07,0
20220211,10,10,6,0.9,0,10,0.6,vcg_scoring,1 5,collusion,1,0.75,10,100,1.54,0.86,0.03,0.05,0.06,0
20220211,10,10,6,0.9,0.1,10,0.6,vcg_scoring,1 5,collusion,1,0.75,10,100,1.66,0.83,0.02,0.06,0.08,3.86
20220211,10,10,6,0.9,0.2,10,0.6,vcg_scoring,1 5,collusion,1,0.75,10,100,1.83,0.81,0.03,0.06,0.08,3.06
20220211,10,10,6,0.9,0.3,10,0.6,vcg_scoring,1 5,collusion,1,0.75,10,100,1.88,0.8,0.03,0.05,0.09,2.93
20220211,10,10,6,0.9,0.4,10,0.6,vcg_scoring,1 5,collusion,1,0.75,10,100,1.99,0.81,0.04,0.06,0.09,2.64
20220211,10,10,6,0.9,0.5,10,0.6,vcg_scoring,1 5,collusion,1,0.75,10,100,1.98,0.81,0.04,0.06,0.08,2
20220211,10,10,6,0.9,0.6,10,0.6,vcg_scoring,1 5,collusion,1,0.75,10,100,2.1,0.82,0.05,0.07,0.06,1.66
20220211,10,10,6,0.9,0.7,10,0.6,vcg_scoring,1 5,collusion,1,0.75,10,100,2.1,0.8,0.05,0.08,0.07,1.38
20220211,10,10,6,0.9,0.8,10,0.6,vcg_scoring,1 5,collusion,1,0.75,10,100,2.17,0.8,0.04,0.07,0.05,1.2
20220211,10,10,6,0.9,0.9,10,0.6,vcg_scoring,1 5,collusion,1,0.75,10,100,2.57,0.77,0.01,0.13,0.04,1.09
20220211,10,10,6,0.9,1,10,0.6,vcg_scoring,1 5,collusion,1,0.75,10,100,7,0.61,0.43,0,0,10
20220211,10,10,6,0.8,0,10,0.6,vcg_scoring,1 5,collusion,1,0.75,10,100,3.06,0.82,0.11,0.12,0.05,0
20220211,10,10,6,0.8,0.1,10,0.6,vcg_scoring,1 5,collusion,1,0.75,10,100,3.26,0.78,0.1,0.13,0.05,2.01
20220211,10,10,6,0.8,0.2,10,0.6,vcg_scoring,1 5,collusion,1,0.75,10,100,3.17,0.77,0.11,0.12,0.07,2.06
20220211,10,10,6,0.8,0.3,10,0.6,vcg_scoring,1 5,collusion,1,0.75,10,100,3.24,0.79,0.13,0.12,0.04,1.53
20220211,10,10,6,0.8,0.4,10,0.6,vcg_scoring,1 5,collusion,1,0.75,10,100,3.34,0.78,0.14,0.13,0.06,1.49
20220211,10,10,6,0.8,0.5,10,0.6,vcg_scoring,1 5,collusion,1,0.75,10,100,3.42,0.79,0.14,0.14,0.05,1.27
20220211,10,10,6,0.8,0.6,10,0.6,vcg_scoring,1 5,collusion,1,0.75,10,100,3.48,0.79,0.12,0.14,0.05,1.27
20220211,10,10,6,0.8,0.7,10,0.6,vcg_scoring,1 5,collusion,1,0.75,10,100,3.62,0.77,0.1,0.14,0.06,1.13
20220211,10,10,6,0.8,0.8,10,0.6,vcg_scoring,1 5,collusion,1,0.75,10,100,3.74,0.76,0.07,0.14,0.06,1.09
20220211,10,10,6,0.8,0.9,10,0.6,vcg_scoring,1 5,collusion,1,0.75,10,100,3.9,0.75,0.03,0.19,0.05,1.12
20220211,10,10,6,0.8,1,10,0.6,vcg_scoring,1 5,collusion,1,0.75,10,100,7,0.6,0.42,0,0,10
20220223,1,10,6,0.9,0.5,10,0.6,vcg_scoring,1 5,collusion,1,0.75,10,100,1.38,0.73,-0.24,0,0.29,0
20220223,2,10,6,0.9,0.5,10,0.6,vcg_scoring,1 5,collusion,1,0.75,10,100,1.72,0.66,-0.16,0.18,0.24,2.37
20220223,3,10,6,0.9,0.5,10,0.6,vcg_scoring,1 5,collusion,1,0.75,10,100,1.46,0.67,-0.09,0.13,0.17,3.44
20220223,4,10,6,0.9,0.5,10,0.6,vcg_scoring,1 5,collusion,1,0.75,10,100,1.37,0.72,-0.02,0.08,0.12,2.12
20220223,5,10,6,0.9,0.5,10,0.6,vcg_scoring,1 5,collusion,1,0.75,10,100,1.16,0.72,-0.01,0.06,0.11,2.95
20220223,6,10,6,0.9,0.5,10,0.6,vcg_scoring,1 5,collusion,1,0.75,10,100,1.01,0.68,0,0.04,0.1,2.09
20220223,7,10,6,0.9,0.5,10,0.6,vcg_scoring,1 5,collusion,1,0.75,10,100,1,0.7,0,0.04,0.09,2.54
20220223,8,10,6,0.9,0.5,10,0.6,vcg_scoring,1 5,collusion,1,0.75,10,100,1.1,0.7,0.01,0.05,0.08,2.66
20220223,9,10,6,0.9,0.5,10,0.6,vcg_scoring,1 5,collusion,1,0.75,10,100,0.84,0.68,0,0.03,0.08,2.49
20220223,10,10,6,0.9,0.5,10,0.6,vcg_scoring,1 5,collusion,1,0.75,10,100,0.95,0.68,0.01,0.03,0.08,2.49
20220223,6,10,6,0.9,0,10,0.6,vcg_scoring,1 5,collusion,1,0.75,10,100,0.53,0.79,0,0.03,0.05,0
20220223,6,10,6,0.9,0.1,10,0.6,vcg_scoring,1 5,collusion,1,0.75,10,100,0.53,0.75,-0.01,0.03,0.06,0
20220223,6,10,6,0.9,0.2,10,0.6,vcg_scoring,1 5,collusion,1,0.75,10,100,0.73,0.72,-0.01,0.05,0.07,5.74
20220223,6,10,6,0.9,0.3,10,0.6,vcg_scoring,1 5,collusion,1,0.75,10,100,0.88,0.7,-0.02,0.05,0.1,4.74
20220223,6,10,6,0.9,0.4,10,0.6,vcg_scoring,1 5,collusion,1,0.75,10,100,1.06,0.68,-0.02,0.05,0.11,3.25
20220223,6,10,6,0.9,0.5,10,0.6,vcg_scoring,1 5,collusion,1,0.75,10,100,1.13,0.68,0,0.05,0.1,2.23
20220223,6,10,6,0.9,0.6,10,0.6,vcg_scoring,1 5,collusion,1,0.75,10,100,1.09,0.67,0,0.05,0.1,2.2
20220223,6,10,6,0.9,0.7,10,0.6,vcg_scoring,1 5,collusion,1,0.75,10,100,1.1,0.69,0,0.06,0.1,1.56
20220223,6,10,6,0.9,0.8,10,0.6,vcg_scoring,1 5,collusion,1,0.75,10,100,1.27,0.7,0.01,0.07,0.09,1.57
20220223,6,10,6,0.9,0.9,10,0.6,vcg_scoring,1 5,collusion,1,0.75,10,100,1.94,0.67,-0.03,0.15,0.1,1.19
20220223,6,10,6,0.9,1,10,0.6,vcg_scoring,1 5,collusion,1,0.75,10,100,7,0.59,1.12,0,0,10
20220223,6,10,6,0.9,0.5,2,0.6,vcg_scoring,1 5,collusion,1,0.75,10,100,2.05,0.68,-0.02,0.11,0.2,2.05
20220223,6,10,6,0.9,0.5,4,0.6,vcg_scoring,1 5,collusion,1,0.75,10,100,1.57,0.68,-0.02,0.08,0.15,1.86
20220223,6,10,6,0.9,0.5,6,0.6,vcg_scoring,1 5,collusion,1,0.75,10,100,1.24,0.68,-0.01,0.06,0.12,2.05
20220223,6,10,6,0.9,0.5,8,0.6,vcg_scoring,1 5,collusion,1,0.75,10,100,1.09,0.67,-0.01,0.05,0.11,2.33
20220223,6,10,6,0.9,0.5,10,0.6,vcg_scoring,1 5,collusion,1,0.75,10,100,1.15,0.7,0,0.05,0.1,2.15
20220223,6,10,6,0.9,0.5,12,0.6,vcg_scoring,1 5,collusion,1,0.75,10,100,1.09,0.7,0.01,0.05,0.08,2.28
20220223,6,10,6,0.9,0.5,15,0.6,vcg_scoring,1 5,collusion,1,0.75,10,100,0.97,0.69,0,0.04,0.08,2.27
20220223,6,10,6,0.9,0.5,20,0.6,vcg_scoring,1 5,collusion,1,0.75,10,100,0.87,0.72,0.01,0.04,0.07,2.54
20220223,6,10,6,0.9,0.5,30,0.6,vcg_scoring,1 5,collusion,1,0.75,10,100,0.81,0.68,0.01,0.03,0.07,2.13
20220223,6,10,6,0.9,0.5,50,0.6,vcg_scoring,1 5,collusion,1,0.75,10,100,0.82,0.68,0.01,0.03,0.07,2.5
20220223,6,10,6,0.9,0.5,10,0.1,vcg_scoring,1 5,collusion,1,0.75,10,100,0,nan,0,0,0,10
20220223,6,10,6,0.9,0.5,10,0.2,vcg_scoring,1 5,collusion,1,0.75,10,100,0.01,0.17,0,0,0,9.92
20220223,6,10,6,0.9,0.5,10,0.3,vcg_scoring,1 5,collusion,1,0.75,10,100,0.07,0.43,0,0,0.01,9.46
20220223,6,10,6,0.9,0.5,10,0.4,vcg_scoring,1 5,collusion,1,0.75,10,100,0.27,0.43,-0.01,0.01,0.04,6.99
20220223,6,10,6,0.9,0.5,10,0.5,vcg_scoring,1 5,collusion,1,0.75,10,100,0.61,0.53,-0.01,0.02,0.07,3.95
20220223,6,10,6,0.9,0.5,10,0.6,vcg_scoring,1 5,collusion,1,0.75,10,100,1.12,0.69,0,0.05,0.11,2.09
20220223,6,10,6,0.9,0.5,10,0.7,vcg_scoring,1 5,collusion,1,0.75,10,100,2.35,0.78,0.02,0.09,0.15,1.82
20220223,6,10,6,0.9,0.5,10,0.8,vcg_scoring,1 5,collusion,1,0.75,10,100,4.61,0.85,0.1,0.16,0.13,2.19
20220223,6,10,6,0.9,0.5,10,0.9,vcg_scoring,1 5,collusion,1,0.75,10,100,5.96,0.93,0.24,0.21,0.03,3.08
20220223,1,10,6,0.8,0.5,10,0.6,vcg_scoring,1 5,collusion,1,0.75,10,100,3.04,0.68,-0.37,0,0.6,0
20220223,2,10,6,0.8,0.5,10,0.6,vcg_scoring,1 5,collusion,1,0.75,10,100,3.22,0.67,-0.16,0.31,0.35,1.8
20220223,3,10,6,0.8,0.5,10,0.6,vcg_scoring,1 5,collusion,1,0.75,10,100,3.1,0.68,-0.04,0.22,0.28,2.1
20220223,4,10,6,0.8,0.5,10,0.6,vcg_scoring,1 5,collusion,1,0.75,10,100,2.76,0.67,0,0.18,0.22,1.29
20220223,5,10,6,0.8,0.5,10,0.6,vcg_scoring,1 5,collusion,1,0.75,10,100,2.62,0.68,0.03,0.14,0.19,1.43
20220223,6,10,6,0.8,0.5,10,0.6,vcg_scoring,1 5,collusion,1,0.75,10,100,2.57,0.69,0.05,0.13,0.16,1.37
20220223,7,10,6,0.8,0.5,10,0.6,vcg_scoring,1 5,collusion,1,0.75,10,100,2.41,0.71,0.05,0.1,0.14,1.43
20220223,8,10,6,0.8,0.5,10,0.6,vcg_scoring,1 5,collusion,1,0.75,10,100,2.42,0.69,0.05,0.1,0.13,1.31
20220223,9,10,6,0.8,0.5,10,0.6,vcg_scoring,1 5,collusion,1,0.75,10,100,2.28,0.69,0.05,0.09,0.13,1.25
20220223,10,10,6,0.8,0.5,10,0.6,vcg_scoring,1 5,collusion,1,0.75,10,100,2.35,0.72,0.06,0.08,0.1,1.25
20220223,6,10,6,0.8,0,10,0.6,vcg_scoring,1 5,collusion,1,0.75,10,100,2.09,0.74,0.03,0.11,0.14,0
20220223,6,10,6,0.8,0.1,10,0.6,vcg_scoring,1 5,collusion,1,0.75,10,100,1.87,0.71,0.01,0.11,0.15,0
20220223,6,10,6,0.8,0.2,10,0.6,vcg_scoring,1 5,collusion,1,0.75,10,100,2.2,0.68,0.02,0.12,0.17,2.22
20220223,6,10,6,0.8,0.3,10,0.6,vcg_scoring,1 5,collusion,1,0.75,10,100,2.23,0.69,0.02,0.13,0.17,2.4
20220223,6,10,6,0.8,0.4,10,0.6,vcg_scoring,1 5,collusion,1,0.75,10,100,2.27,0.68,0.03,0.11,0.18,1.55
20220223,6,10,6,0.8,0.5,10,0.6,vcg_scoring,1 5,collusion,1,0.75,10,100,2.38,0.7,0.04,0.12,0.15,1.21
20220223,6,10,6,0.8,0.6,10,0.6,vcg_scoring,1 5,collusion,1,0.75,10,100,2.47,0.69,0.04,0.11,0.15,1.19
20220223,6,10,6,0.8,0.7,10,0.6,vcg_scoring,1 5,collusion,1,0.75,10,100,2.81,0.67,0.02,0.15,0.14,1.06
20220223,6,10,6,0.8,0.8,10,0.6,vcg_scoring,1 5,collusion,1,0.75,10,100,2.72,0.69,0.04,0.15,0.12,1.16
20220223,6,10,6,0.8,0.9,10,0.6,vcg_scoring,1 5,collusion,1,0.75,10,100,3.25,0.67,0,0.26,0.09,1.12
20220223,6,10,6,0.8,1,10,0.6,vcg_scoring,1 5,collusion,1,0.75,10,100,7,0.61,0.71,0,0,10
20220223,6,10,6,0.8,0.5,2,0.6,vcg_scoring,1 5,collusion,1,0.75,10,100,3.5,0.65,0.05,0.18,0.17,1.31
20220223,6,10,6,0.8,0.5,4,0.6,vcg_scoring,1 5,collusion,1,0.75,10,100,2.94,0.68,0.04,0.14,0.17,1.38
20220223,6,10,6,0.8,0.5,6,0.6,vcg_scoring,1 5,collusion,1,0.75,10,100,2.8,0.67,0.04,0.14,0.17,1.43
20220223,6,10,6,0.8,0.5,8,0.6,vcg_scoring,1 5,collusion,1,0.75,10,100,2.68,0.69,0.05,0.13,0.16,1.29
20220223,6,10,6,0.8,0.5,10,0.6,vcg_scoring,1 5,collusion,1,0.75,10,100,2.45,0.68,0.04,0.12,0.16,1.28
20220223,6,10,6,0.8,0.5,12,0.6,vcg_scoring,1 5,collusion,1,0.75,10,100,2.53,0.7,0.04,0.12,0.15,1.23
20220223,6,10,6,0.8,0.5,15,0.6,vcg_scoring,1 5,collusion,1,0.75,10,100,2.42,0.7,0.05,0.12,0.15,1.24
20220223,6,10,6,0.8,0.5,20,0.6,vcg_scoring,1 5,collusion,1,0.75,10,100,2.23,0.71,0.04,0.11,0.15,1.18
20220223,6,10,6,0.8,0.5,30,0.6,vcg_scoring,1 5,collusion,1,0.75,10,100,2.05,0.68,0.03,0.1,0.15,1.28
20220223,6,10,6,0.8,0.5,50,0.6,vcg_scoring,1 5,collusion,1,0.75,10,100,1.86,0.72,0.04,0.09,0.11,1.25
20220223,6,10,6,0.8,0.5,10,0.1,vcg_scoring,1 5,collusion,1,0.75,10,100,0.04,0.26,0,0,0.01,9.71
20220223,6,10,6,0.8,0.5,10,0.2,vcg_scoring,1 5,collusion,1,0.75,10,100,0.17,0.24,0,0.01,0.03,7.34
20220223,6,10,6,0.8,0.5,10,0.3,vcg_scoring,1 5,collusion,1,0.75,10,100,0.39,0.38,0,0.02,0.07,3.37
20220223,6,10,6,0.8,0.5,10,0.4,vcg_scoring,1 5,collusion,1,0.75,10,100,0.56,0.5,0,0.03,0.09,1.73
20220223,6,10,6,0.8,0.5,10,0.5,vcg_scoring,1 5,collusion,1,0.75,10,100,1.18,0.63,0.02,0.07,0.12,1.38
20220223,6,10,6,0.8,0.5,10,0.6,vcg_scoring,1 5,collusion,1,0.75,10,100,2.56,0.71,0.05,0.12,0.15,1.22
20220223,6,10,6,0.8,0.5,10,0.7,vcg_scoring,1 5,collusion,1,0.75,10,100,4.54,0.77,0.15,0.18,0.1,1.28
20220223,6,10,6,0.8,0.5,10,0.8,vcg_scoring,1 5,collusion,1,0.75,10,100,5.9,0.85,0.37,0.32,0.02,1.72
20220223,6,10,6,0.8,0.5,10,0.9,vcg_scoring,1 5,collusion,1,0.75,10,100,6.02,0.93,0.55,0.45,0.01,3
20220223,1,10,6,0.8,0.25,10,0.6,vcg_scoring,1 5,collusion,1,0.75,10,100,2.91,0.69,-0.31,0,0.56,0
20220223,2,10,6,0.8,0.25,10,0.6,vcg_scoring,1 5,collusion,1,0.75,10,100,2.66,0.71,-0.09,0.25,0.29,0
20220223,3,10,6,0.8,0.25,10,0.6,vcg_scoring,1 5,collusion,1,0.75,10,100,2.26,0.7,-0.03,0.19,0.21,0
20220223,4,10,6,0.8,0.25,10,0.6,vcg_scoring,1 5,collusion,1,0.75,10,100,2.81,0.67,-0.01,0.19,0.24,2.03
20220223,5,10,6,0.8,0.25,10,0.6,vcg_scoring,1 5,collusion,1,0.75,10,100,2.5,0.68,0.01,0.15,0.19,2.2
20220223,6,10,6,0.8,0.25,10,0.6,vcg_scoring,1 5,collusion,1,0.75,10,100,2.21,0.68,0.01,0.13,0.16,2.17
20220223,7,10,6,0.8,0.25,10,0.6,vcg_scoring,1 5,collusion,1,0.75,10,100,2.25,0.68,0.02,0.12,0.16,2.17
20220223,8,10,6,0.8,0.25,10,0.6,vcg_scoring,1 5,collusion,1,0.75,10,100,2.19,0.7,0.04,0.09,0.13,2.05
20220223,9,10,6,0.8,0.25,10,0.6,vcg_scoring,1 5,collusion,1,0.75,10,100,2.21,0.69,0.04,0.08,0.13,1.96
20220223,10,10,6,0.8,0.25,10,0.6,vcg_scoring,1 5,collusion,1,0.75,10,100,2.2,0.7,0.04,0.08,0.1,2.17
20220223,6,10,6,0.8,0,10,0.6,vcg_scoring,1 5,collusion,1,0.75,10,100,1.89,0.74,0.02,0.11,0.13,0
20220223,6,10,6,0.8,0.1,10,0.6,vcg_scoring,1 5,collusion,1,0.75,10,100,2.01,0.71,0.01,0.11,0.15,0
20220223,6,10,6,0.8,0.2,10,0.6,vcg_scoring,1 5,collusion,1,0.75,10,100,2.25,0.69,0.02,0.12,0.17,2.17
20220223,6,10,6,0.8,0.3,10,0.6,vcg_scoring,1 5,collusion,1,0.75,10,100,2.3,0.69,0.02,0.13,0.15,2.7
20220223,6,10,6,0.8,0.4,10,0.6,vcg_scoring,1 5,collusion,1,0.75,10,100,2.47,0.68,0.03,0.12,0.17,1.66
20220223,6,10,6,0.8,0.5,10,0.6,vcg_scoring,1 5,collusion,1,0.75,10,100,2.65,0.69,0.05,0.13,0.17,1.36
20220223,6,10,6,0.8,0.6,10,0.6,vcg_scoring,1 5,collusion,1,0.75,10,100,2.57,0.7,0.05,0.12,0.16,1.19
20220223,6,10,6,0.8,0.7,10,0.6,vcg_scoring,1 5,collusion,1,0.75,10,100,2.75,0.7,0.04,0.14,0.12,1.08
20220223,6,10,6,0.8,0.8,10,0.6,vcg_scoring,1 5,collusion,1,0.75,10,100,2.81,0.66,0.02,0.14,0.14,1.09
20220223,6,10,6,0.8,0.9,10,0.6,vcg_scoring,1 5,collusion,1,0.75,10,100,3.47,0.66,-0.02,0.27,0.1,1.04
20220223,6,10,6,0.8,1,10,0.6,vcg_scoring,1 5,collusion,1,0.75,10,100,7,0.6,0.7,0,0,10
20220223,6,10,6,0.8,0.25,2,0.6,vcg_scoring,1 5,collusion,1,0.75,10,100,3.14,0.67,0.04,0.16,0.17,2.33
20220223,6,10,6,0.8,0.25,4,0.6,vcg_scoring,1 5,collusion,1,0.75,10,100,2.73,0.66,0.02,0.15,0.18,2.05
20220223,6,10,6,0.8,0.25,6,0.6,vcg_scoring,1 5,collusion,1,0.75,10,100,2.6,0.69,0.03,0.14,0.18,2.33
20220223,6,10,6,0.8,0.25,8,0.6,vcg_scoring,1 5,collusion,1,0.75,10,100,2.5,0.7,0.03,0.14,0.17,2.19
20220223,6,10,6,0.8,0.25,10,0.6,vcg_scoring,1 5,collusion,1,0.75,10,100,2.33,0.69,0.01,0.14,0.16,2.46
20220223,6,10,6,0.8,0.25,12,0.6,vcg_scoring,1 5,collusion,1,0.75,10,100,2.37,0.7,0.02,0.14,0.16,2.47
20220223,6,10,6,0.8,0.25,15,0.6,vcg_scoring,1 5,collusion,1,0.75,10,100,2.09,0.69,0.01,0.12,0.16,2.17
20220223,6,10,6,0.8,0.25,20,0.6,vcg_scoring,1 5,collusion,1,0.75,10,100,2.04,0.69,0.01,0.12,0.15,2.17
20220223,6,10,6,0.8,0.25,30,0.6,vcg_scoring,1 5,collusion,1,0.75,10,100,2.04,0.69,0.01,0.12,0.14,2.58
20220223,6,10,6,0.8,0.25,50,0.6,vcg_scoring,1 5,collusion,1,0.75,10,100,2.17,0.69,0.01,0.13,0.15,2.53
20220223,6,10,6,0.8,0.25,10,0.1,vcg_scoring,1 5,collusion,1,0.75,10,100,0,nan,0,0,0,10
20220223,6,10,6,0.8,0.25,10,0.2,vcg_scoring,1 5,collusion,1,0.75,10,100,0.01,0.57,0,0,0,10
20220223,6,10,6,0.8,0.25,10,0.3,vcg_scoring,1 5,collusion,1,0.75,10,100,0.05,0.4,0,0,0.01,9.65
20220223,6,10,6,0.8,0.25,10,0.4,vcg_scoring,1 5,collusion,1,0.75,10,100,0.33,0.52,-0.01,0.03,0.05,7.09
20220223,6,10,6,0.8,0.25,10,0.5,vcg_scoring,1 5,collusion,1,0.75,10,100,1.13,0.61,-0.01,0.09,0.12,3.79
20220223,6,10,6,0.8,0.25,10,0.6,vcg_scoring,1 5,collusion,1,0.75,10,100,2.34,0.69,0.01,0.13,0.16,2.23
20220223,6,10,6,0.8,0.25,10,0.7,vcg_scoring,1 5,collusion,1,0.75,10,100,4.36,0.76,0.13,0.18,0.12,2.11
20220223,6,10,6,0.8,0.25,10,0.8,vcg_scoring,1 5,collusion,1,0.75,10,100,5.77,0.83,0.33,0.27,0.04,2.09
20220223,6,10,6,0.8,0.25,10,0.9,vcg_scoring,1 5,collusion,1,0.75,10,100,6.01,0.92,0.58,0.36,0.01,3.08
20220223,1,10,6,0.8,0,10,0.8,vcg_scoring,1 5,collusion,1,0.75,10,100,5.78,0.84,0.24,0,0.3,0
20220223,2,10,6,0.8,0,10,0.8,vcg_scoring,1 5,collusion,1,0.75,10,100,5.75,0.84,0.23,0.3,0.15,0
20220223,3,10,6,0.8,0,10,0.8,vcg_scoring,1 5,collusion,1,0.75,10,100,5.77,0.86,0.32,0.32,0.07,0
20220223,4,10,6,0.8,0,10,0.8,vcg_scoring,1 5,collusion,1,0.75,10,100,5.76,0.84,0.3,0.3,0.06,0
20220223,5,10,6,0.8,0,10,0.8,vcg_scoring,1 5,collusion,1,0.75,10,100,5.74,0.85,0.29,0.28,0.05,0
20220223,6,10,6,0.8,0,10,0.8,vcg_scoring,1 5,collusion,1,0.75,10,100,5.77,0.85,0.29,0.28,0.04,0
20220223,7,10,6,0.8,0,10,0.8,vcg_scoring,1 5,collusion,1,0.75,10,100,5.74,0.85,0.28,0.27,0.03,0
20220223,8,10,6,0.8,0,10,0.8,vcg_scoring,1 5,collusion,1,0.75,10,100,5.76,0.85,0.28,0.27,0.02,0
20220223,9,10,6,0.8,0,10,0.8,vcg_scoring,1 5,collusion,1,0.75,10,100,5.78,0.86,0.27,0.26,0.02,0
20220223,10,10,6,0.8,0,10,0.8,vcg_scoring,1 5,collusion,1,0.75,10,100,5.77,0.85,0.25,0.25,0.01,0
20220223,6,10,6,0.8,0,10,0.8,vcg_scoring,1 5,collusion,1,0.75,10,100,5.76,0.85,0.29,0.28,0.04,0
20220223,6,10,6,0.8,0.1,10,0.8,vcg_scoring,1 5,collusion,1,0.75,10,100,5.78,0.84,0.28,0.28,0.04,0
20220223,6,10,6,0.8,0.2,10,0.8,vcg_scoring,1 5,collusion,1,0.75,10,100,5.83,0.84,0.35,0.28,0.03,2.42
20220223,6,10,6,0.8,0.3,10,0.8,vcg_scoring,1 5,collusion,1,0.75,10,100,5.85,0.84,0.34,0.28,0.04,2.22
20220223,6,10,6,0.8,0.4,10,0.8,vcg_scoring,1 5,collusion,1,0.75,10,100,5.87,0.84,0.39,0.3,0.03,1.78
20220223,6,10,6,0.8,0.5,10,0.8,vcg_scoring,1 5,collusion,1,0.75,10,100,5.89,0.84,0.36,0.32,0.03,1.89
20220223,6,10,6,0.8,0.6,10,0.8,vcg_scoring,1 5,collusion,1,0.75,10,100,5.91,0.83,0.34,0.31,0.03,1.56
20220223,6,10,6,0.8,0.7,10,0.8,vcg_scoring,1 5,collusion,1,0.75,10,100,5.87,0.84,0.28,0.3,0.04,1.63
20220223,6,10,6,0.8,0.8,10,0.8,vcg_scoring,1 5,collusion,1,0.75,10,100,5.87,0.84,0.3,0.3,0.04,1.77
20220223,6,10,6,0.8,0.9,10,0.8,vcg_scoring,1 5,collusion,1,0.75,10,100,5.9,0.84,0.17,0.29,0.04,1.6
20220223,6,10,6,0.8,1,10,0.8,vcg_scoring,1 5,collusion,1,0.75,10,100,7,0.8,0.93,0,0,10
20220223,6,10,6,0.8,0,2,0.8,vcg_scoring,1 5,collusion,1,0.75,10,100,5.84,0.83,0.34,0.3,0.03,0
20220223,6,10,6,0.8,0,4,0.8,vcg_scoring,1 5,collusion,1,0.75,10,100,5.82,0.85,0.33,0.3,0.03,0
20220223,6,10,6,0.8,0,6,0.8,vcg_scoring,1 5,collusion,1,0.75,10,100,5.74,0.84,0.3,0.28,0.04,0
20220223,6,10,6,0.8,0,8,0.8,vcg_scoring,1 5,collusion,1,0.75,10,100,5.76,0.85,0.3,0.29,0.03,0
20220223,6,10,6,0.8,0,10,0.8,vcg_scoring,1 5,collusion,1,0.75,10,100,5.74,0.85,0.28,0.28,0.04,0
20220223,6,10,6,0.8,0,12,0.8,vcg_scoring,1 5,collusion,1,0.75,10,100,5.76,0.85,0.28,0.27,0.03,0
20220223,6,10,6,0.8,0,15,0.8,vcg_scoring,1 5,collusion,1,0.75,10,100,5.74,0.86,0.29,0.28,0.03,0
20220223,6,10,6,0.8,0,20,0.8,vcg_scoring,1 5,collusion,1,0.75,10,100,5.79,0.85,0.29,0.28,0.03,0
20220223,6,10,6,0.8,0,30,0.8,vcg_scoring,1 5,collusion,1,0.75,10,100,5.7,0.86,0.28,0.27,0.03,0
20220223,6,10,6,0.8,0,50,0.8,vcg_scoring,1 5,collusion,1,0.75,10,100,5.78,0.85,0.27,0.27,0.04,0
20220223,6,10,6,0.8,0,10,0.1,vcg_scoring,1 5,collusion,1,0.75,10,100,0,nan,0,0,0,0
20220223,6,10,6,0.8,0,10,0.2,vcg_scoring,1 5,collusion,1,0.75,10,100,0,nan,0,0,0,0
20220223,6,10,6,0.8,0,10,0.3,vcg_scoring,1 5,collusion,1,0.75,10,100,0,0.8,0,0,0,0
20220223,6,10,6,0.8,0,10,0.4,vcg_scoring,1 5,collusion,1,0.75,10,100,0.15,0.62,0,0.01,0.03,0
20220223,6,10,6,0.8,0,10,0.5,vcg_scoring,1 5,collusion,1,0.75,10,100,0.69,0.68,0,0.05,0.09,0
20220223,6,10,6,0.8,0,10,0.6,vcg_scoring,1 5,collusion,1,0.75,10,100,1.95,0.72,0.02,0.1,0.14,0
20220223,6,10,6,0.8,0,10,0.7,vcg_scoring,1 5,collusion,1,0.75,10,100,4.09,0.77,0.1,0.17,0.12,0
20220223,6,10,6,0.8,0,10,0.8,vcg_scoring,1 5,collusion,1,0.75,10,100,5.74,0.84,0.28,0.27,0.04,0
20220223,6,10,6,0.8,0,10,0.9,vcg_scoring,1 5,collusion,1,0.75,10,100,6,0.93,0.46,0.39,0.01,0
20220223,1,10,6,0.8,0,10,0.8,vcg_scoring,1 50,collusion,1,0.75,10,100,5.38,0.84,0.21,0,0.36,0
20220223,2,10,6,0.8,0,10,0.8,vcg_scoring,1 50,collusion,1,0.75,10,100,5.39,0.85,0.23,0.28,0.16,0
20220223,3,10,6,0.8,0,10,0.8,vcg_scoring,1 50,collusion,1,0.75,10,100,5.4,0.84,0.22,0.27,0.11,0
20220223,4,10,6,0.8,0,10,0.8,vcg_scoring,1 50,collusion,1,0.75,10,100,5.34,0.84,0.22,0.27,0.08,0
20220223,5,10,6,0.8,0,10,0.8,vcg_scoring,1 50,collusion,1,0.75,10,100,5.33,0.85,0.22,0.24,0.06,0
20220223,6,10,6,0.8,0,10,0.8,vcg_scoring,1 50,collusion,1,0.75,10,100,5.35,0.84,0.22,0.23,0.05,0
20220223,7,10,6,0.8,0,10,0.8,vcg_scoring,1 50,collusion,1,0.75,10,100,5.33,0.85,0.21,0.22,0.04,0
20220223,8,10,6,0.8,0,10,0.8,vcg_scoring,1 50,collusion,1,0.75,10,100,5.33,0.85,0.21,0.22,0.03,0
20220223,9,10,6,0.8,0,10,0.8,vcg_scoring,1 50,collusion,1,0.75,10,100,5.34,0.85,0.2,0.21,0.03,0
20220223,10,10,6,0.8,0,10,0.8,vcg_scoring,1 50,collusion,1,0.75,10,100,5.34,0.85,0.2,0.2,0.02,0
20220223,6,10,6,0.8,0,10,0.8,vcg_scoring,1 50,collusion,1,0.75,10,100,5.33,0.86,0.22,0.24,0.04,0
20220223,6,10,6,0.8,0.1,10,0.8,vcg_scoring,1 50,collusion,1,0.75,10,100,5.27,0.85,0.22,0.23,0.05,0
20220223,6,10,6,0.8,0.2,10,0.8,vcg_scoring,1 50,collusion,1,0.75,10,100,5.45,0.83,0.24,0.24,0.05,2.79
20220223,6,10,6,0.8,0.3,10,0.8,vcg_scoring,1 50,collusion,1,0.75,10,100,5.45,0.85,0.26,0.25,0.05,3.36
20220223,6,10,6,0.8,0.4,10,0.8,vcg_scoring,1 50,collusion,1,0.75,10,100,5.45,0.84,0.29,0.23,0.04,2.01
20220223,6,10,6,0.8,0.5,10,0.8,vcg_scoring,1 50,collusion,1,0.75,10,100,5.49,0.84,0.28,0.26,0.05,1.95
20220223,6,10,6,0.8,0.6,10,0.8,vcg_scoring,1 50,collusion,1,0.75,10,100,5.51,0.84,0.29,0.26,0.04,1.91
20220223,6,10,6,0.8,0.7,10,0.8,vcg_scoring,1 50,collusion,1,0.75,10,100,5.44,0.84,0.23,0.25,0.06,1.52
20220223,6,10,6,0.8,0.8,10,0.8,vcg_scoring,1 50,collusion,1,0.75,10,100,5.41,0.84,0.24,0.26,0.06,1.63
20220223,6,10,6,0.8,0.9,10,0.8,vcg_scoring,1 50,collusion,1,0.75,10,100,5.52,0.83,0.15,0.28,0.05,1.59
20220223,6,10,6,0.8,1,10,0.8,vcg_scoring,1 50,collusion,1,0.75,10,100,7,0.8,0.94,0,0,10
20220223,6,10,6,0.8,0,2,0.8,vcg_scoring,1 50,collusion,1,0.75,10,100,5.46,0.84,0.29,0.26,0.04,0
20220223,6,10,6,0.8,0,4,0.8,vcg_scoring,1 50,collusion,1,0.75,10,100,5.44,0.84,0.25,0.25,0.05,0
20220223,6,10,6,0.8,0,6,0.8,vcg_scoring,1 50,collusion,1,0.75,10,100,5.3,0.85,0.23,0.24,0.05,0
20220223,6,10,6,0.8,0,8,0.8,vcg_scoring,1 50,collusion,1,0.75,10,100,5.38,0.85,0.23,0.24,0.05,0
20220223,6,10,6,0.8,0,10,0.8,vcg_scoring,1 50,collusion,1,0.75,10,100,5.31,0.86,0.23,0.23,0.04,0
20220223,6,10,6,0.8,0,12,0.8,vcg_scoring,1 50,collusion,1,0.75,10,100,5.33,0.86,0.23,0.23,0.04,0
20220223,6,10,6,0.8,0,15,0.8,vcg_scoring,1 50,collusion,1,0.75,10,100,5.3,0.85,0.21,0.23,0.05,0
20220223,6,10,6,0.8,0,20,0.8,vcg_scoring,1 50,collusion,1,0.75,10,100,5.32,0.86,0.22,0.22,0.05,0
20220223,6,10,6,0.8,0,30,0.8,vcg_scoring,1 50,collusion,1,0.75,10,100,5.26,0.86,0.21,0.21,0.05,0
20220223,6,10,6,0.8,0,50,0.8,vcg_scoring,1 50,collusion,1,0.75,10,100,5.3,0.87,0.21,0.22,0.05,0
20220223,6,10,6,0.8,0,10,0.1,vcg_scoring,1 50,collusion,1,0.75,10,100,0,nan,0,0,0,0
20220223,6,10,6,0.8,0,10,0.2,vcg_scoring,1 50,collusion,1,0.75,10,100,0,nan,0,0,0,0
20220223,6,10,6,0.8,0,10,0.3,vcg_scoring,1 50,collusion,1,0.75,10,100,0,0.5,0,0,0,0
20220223,6,10,6,0.8,0,10,0.4,vcg_scoring,1 50,collusion,1,0.75,10,100,0.01,0.5,0,0,0,0
20220223,6,10,6,0.8,0,10,0.5,vcg_scoring,1 50,collusion,1,0.75,10,100,0.16,0.74,0,0.01,0.02,0
20220223,6,10,6,0.8,0,10,0.6,vcg_scoring,1 50,collusion,1,0.75,10,100,1,0.74,0.01,0.06,0.11,0
20220223,6,10,6,0.8,0,10,0.7,vcg_scoring,1 50,collusion,1,0.75,10,100,2.83,0.8,0.06,0.13,0.13,0
20220223,6,10,6,0.8,0,10,0.8,vcg_scoring,1 50,collusion,1,0.75,10,100,5.31,0.85,0.22,0.23,0.04,0
20220223,6,10,6,0.8,0,10,0.9,vcg_scoring,1 50,collusion,1,0.75,10,100,6,0.93,0.44,0.38,0.01,0
20220223,1,10,6,0.9,0,10,0.8,vcg_scoring,1 50,collusion,1,0.75,10,100,3.4,0.86,-0.13,0,0.37,0
20220223,2,10,6,0.9,0,10,0.8,vcg_scoring,1 50,collusion,1,0.75,10,100,3.14,0.86,-0.04,0.2,0.21,0
20220223,3,10,6,0.9,0,10,0.8,vcg_scoring,1 50,collusion,1,0.75,10,100,3.01,0.86,0,0.17,0.17,0
20220223,4,10,6,0.9,0,10,0.8,vcg_scoring,1 50,collusion,1,0.75,10,100,2.77,0.88,0.02,0.13,0.13,0
20220223,5,10,6,0.9,0,10,0.8,vcg_scoring,1 50,collusion,1,0.75,10,100,2.73,0.88,0.03,0.11,0.12,0
20220223,6,10,6,0.9,0,10,0.8,vcg_scoring,1 50,collusion,1,0.75,10,100,2.61,0.9,0.04,0.09,0.09,0
20220223,7,10,6,0.9,0,10,0.8,vcg_scoring,1 50,collusion,1,0.75,10,100,2.59,0.88,0.03,0.08,0.1,0
20220223,8,10,6,0.9,0,10,0.8,vcg_scoring,1 50,collusion,1,0.75,10,100,2.45,0.88,0.03,0.07,0.08,0
20220223,9,10,6,0.9,0,10,0.8,vcg_scoring,1 50,collusion,1,0.75,10,100,2.29,0.88,0.03,0.07,0.08,0
20220223,10,10,6,0.9,0,10,0.8,vcg_scoring,1 50,collusion,1,0.75,10,100,2.31,0.9,0.04,0.06,0.07,0
20220223,6,10,6,0.9,0,10,0.8,vcg_scoring,1 50,collusion,1,0.75,10,100,2.56,0.88,0.03,0.09,0.11,0
20220223,6,10,6,0.9,0.1,10,0.8,vcg_scoring,1 50,collusion,1,0.75,10,100,2.56,0.88,0.03,0.1,0.11,0
20220223,6,10,6,0.9,0.2,10,0.8,vcg_scoring,1 50,collusion,1,0.75,10,100,2.93,0.86,0.03,0.11,0.11,3.38
20220223,6,10,6,0.9,0.3,10,0.8,vcg_scoring,1 50,collusion,1,0.75,10,100,3.06,0.85,0.03,0.12,0.13,3.51
20220223,6,10,6,0.9,0.4,10,0.8,vcg_scoring,1 50,collusion,1,0.75,10,100,3.22,0.86,0.05,0.11,0.14,3.17
20220223,6,10,6,0.9,0.5,10,0.8,vcg_scoring,1 50,collusion,1,0.75,10,100,3.12,0.85,0.07,0.12,0.12,2.15
20220223,6,10,6,0.9,0.6,10,0.8,vcg_scoring,1 50,collusion,1,0.75,10,100,3.01,0.86,0.07,0.11,0.11,2.18
20220223,6,10,6,0.9,0.7,10,0.8,vcg_scoring,1 50,collusion,1,0.75,10,100,3.27,0.86,0.07,0.13,0.09,1.63
20220223,6,10,6,0.9,0.8,10,0.8,vcg_scoring,1 50,collusion,1,0.75,10,100,3.17,0.85,0.06,0.13,0.09,1.58
20220223,6,10,6,0.9,0.9,10,0.8,vcg_scoring,1 50,collusion,1,0.75,10,100,3.85,0.86,0.08,0.19,0.06,1.66
20220223,6,10,6,0.9,1,10,0.8,vcg_scoring,1 50,collusion,1,0.75,10,100,7,0.8,1.36,0,0,10
20220223,6,10,6,0.9,0,2,0.8,vcg_scoring,1 50,collusion,1,0.75,10,100,3.83,0.85,0.05,0.14,0.14,0
20220223,6,10,6,0.9,0,4,0.8,vcg_scoring,1 50,collusion,1,0.75,10,100,3.2,0.87,0.05,0.11,0.12,0
20220223,6,10,6,0.9,0,6,0.8,vcg_scoring,1 50,collusion,1,0.75,10,100,2.93,0.88,0.04,0.1,0.11,0
20220223,6,10,6,0.9,0,8,0.8,vcg_scoring,1 50,collusion,1,0.75,10,100,2.81,0.87,0.03,0.1,0.12,0
20220223,6,10,6,0.9,0,10,0.8,vcg_scoring,1 50,collusion,1,0.75,10,100,2.6,0.9,0.04,0.09,0.1,0
20220223,6,10,6,0.9,0,12,0.8,vcg_scoring,1 50,collusion,1,0.75,10,100,2.48,0.89,0.03,0.09,0.09,0
20220223,6,10,6,0.9,0,15,0.8,vcg_scoring,1 50,collusion,1,0.75,10,100,2.37,0.88,0.03,0.09,0.1,0
20220223,6,10,6,0.9,0,20,0.8,vcg_scoring,1 50,collusion,1,0.75,10,100,2.2,0.89,0.03,0.08,0.09,0
20220223,6,10,6,0.9,0,30,0.8,vcg_scoring,1 50,collusion,1,0.75,10,100,2.03,0.9,0.03,0.07,0.08,0
20220223,6,10,6,0.9,0,50,0.8,vcg_scoring,1 50,collusion,1,0.75,10,100,1.95,0.9,0.02,0.07,0.08,0
20220223,6,10,6,0.9,0,10,0.1,vcg_scoring,1 50,collusion,1,0.75,10,100,0,nan,0,0,0,0
20220223,6,10,6,0.9,0,10,0.2,vcg_scoring,1 50,collusion,1,0.75,10,100,0,nan,0,0,0,0
20220223,6,10,6,0.9,0,10,0.3,vcg_scoring,1 50,collusion,1,0.75,10,100,0,nan,0,0,0,0
20220223,6,10,6,0.9,0,10,0.4,vcg_scoring,1 50,collusion,1,0.75,10,100,0,nan,0,0,0,0
20220223,6,10,6,0.9,0,10,0.5,vcg_scoring,1 50,collusion,1,0.75,10,100,0,1,0,0,0,0
20220223,6,10,6,0.9,0,10,0.6,vcg_scoring,1 50,collusion,1,0.75,10,100,0.05,0.91,0,0,0,0
20220223,6,10,6,0.9,0,10,0.7,vcg_scoring,1 50,collusion,1,0.75,10,100,0.59,0.85,0,0.03,0.04,0
20220223,6,10,6,0.9,0,10,0.8,vcg_scoring,1 50,collusion,1,0.75,10,100,2.52,0.89,0.03,0.09,0.1,0
20220223,6,10,6,0.9,0,10,0.9,vcg_scoring,1 50,collusion,1,0.75,10,100,5.62,0.94,0.17,0.17,0.05,0
20220223,1,20,6,0.9,0,10,0.8,vcg_scoring,1 50,collusion,1,0.75,10,100,5.52,0.87,-0.14,0,0.53,0
20220223,2,20,6,0.9,0,10,0.8,vcg_scoring,1 50,collusion,1,0.75,10,100,5.32,0.87,-0.05,0.26,0.31,0
20220223,3,20,6,0.9,0,10,0.8,vcg_scoring,1 50,collusion,1,0.75,10,100,5.08,0.87,0.02,0.23,0.22,0
20220223,4,20,6,0.9,0,10,0.8,vcg_scoring,1 50,collusion,1,0.75,10,100,4.93,0.88,0.04,0.18,0.18,0
20220223,5,20,6,0.9,0,10,0.8,vcg_scoring,1 50,collusion,1,0.75,10,100,4.74,0.89,0.06,0.16,0.14,0
20220223,6,20,6,0.9,0,10,0.8,vcg_scoring,1 50,collusion,1,0.75,10,100,4.63,0.88,0.06,0.14,0.14,0
20220223,7,20,6,0.9,0,10,0.8,vcg_scoring,1 50,collusion,1,0.75,10,100,4.57,0.89,0.07,0.13,0.11,0
20220223,8,20,6,0.9,0,10,0.8,vcg_scoring,1 50,collusion,1,0.75,10,100,4.46,0.9,0.07,0.11,0.09,0
20220223,9,20,6,0.9,0,10,0.8,vcg_scoring,1 50,collusion,1,0.75,10,100,4.44,0.9,0.07,0.11,0.08,0
20220223,10,20,6,0.9,0,10,0.8,vcg_scoring,1 50,collusion,1,0.75,10,100,4.39,0.89,0.06,0.1,0.08,0
20220223,6,20,6,0.9,0,10,0.8,vcg_scoring,1 50,collusion,1,0.75,10,100,4.61,0.89,0.06,0.14,0.12,0
20220223,6,20,6,0.9,0.1,10,0.8,vcg_scoring,1 50,collusion,1,0.75,10,100,4.61,0.89,0.07,0.14,0.12,0
20220223,6,20,6,0.9,0.2,10,0.8,vcg_scoring,1 50,collusion,1,0.75,10,100,5.04,0.88,0.09,0.19,0.12,3.26
20220223,6,20,6,0.9,0.3,10,0.8,vcg_scoring,1 50,collusion,1,0.75,10,100,4.81,0.88,0.07,0.18,0.13,2.69
20220223,6,20,6,0.9,0.4,10,0.8,vcg_scoring,1 50,collusion,1,0.75,10,100,5.02,0.88,0.1,0.24,0.13,2.71
20220223,6,20,6,0.9,0.5,10,0.8,vcg_scoring,1 50,collusion,1,0.75,10,100,5.19,0.87,0.21,0.34,0.13,1.96
20220223,6,20,6,0.9,0.6,10,0.8,vcg_scoring,1 50,collusion,1,0.75,10,100,5.27,0.87,0.26,0.39,0.13,1.97
20220223,6,20,6,0.9,0.7,10,0.8,vcg_scoring,1 50,collusion,1,0.75,10,100,5.56,0.88,0.41,0.38,0.11,1.72
20220223,6,20,6,0.9,0.8,10,0.8,vcg_scoring,1 50,collusion,1,0.75,10,100,5.55,0.87,0.36,0.37,0.11,1.73
20220223,6,20,6,0.9,0.9,10,0.8,vcg_scoring,1 50,collusion,1,0.75,10,100,5.98,0.87,0.37,0.39,0.08,1.46
20220223,6,20,6,0.9,1,10,0.8,vcg_scoring,1 50,collusion,1,0.75,10,100,15,0.8,9.1,0,0,10
20220223,6,20,6,0.9,0,2,0.8,vcg_scoring,1 50,collusion,1,0.75,10,100,5.69,0.86,0.12,0.18,0.11,0
20220223,6,20,6,0.9,0,4,0.8,vcg_scoring,1 50,collusion,1,0.75,10,100,5.4,0.87,0.09,0.16,0.13,0
20220223,6,20,6,0.9,0,6,0.8,vcg_scoring,1 50,collusion,1,0.75,10,100,5.04,0.88,0.08,0.16,0.13,0
20220223,6,20,6,0.9,0,8,0.8,vcg_scoring,1 50,collusion,1,0.75,10,100,4.8,0.88,0.07,0.14,0.13,0
20220223,6,20,6,0.9,0,10,0.8,vcg_scoring,1 50,collusion,1,0.75,10,100,4.65,0.89,0.07,0.14,0.12,0
20220223,6,20,6,0.9,0,12,0.8,vcg_scoring,1 50,collusion,1,0.75,10,100,4.49,0.89,0.07,0.13,0.12,0
20220223,6,20,6,0.9,0,15,0.8,vcg_scoring,1 50,collusion,1,0.75,10,100,4.32,0.89,0.06,0.13,0.13,0
20220223,6,20,6,0.9,0,20,0.8,vcg_scoring,1 50,collusion,1,0.75,10,100,4.15,0.91,0.06,0.12,0.11,0
20220223,6,20,6,0.9,0,30,0.8,vcg_scoring,1 50,collusion,1,0.75,10,100,3.89,0.9,0.05,0.12,0.11,0
20220223,6,20,6,0.9,0,50,0.8,vcg_scoring,1 50,collusion,1,0.75,10,100,3.69,0.91,0.05,0.11,0.1,0
20220223,6,20,6,0.9,0,10,0.1,vcg_scoring,1 50,collusion,1,0.75,10,100,0,nan,0,0,0,0
20220223,6,20,6,0.9,0,10,0.2,vcg_scoring,1 50,collusion,1,0.75,10,100,0,nan,0,0,0,0
20220223,6,20,6,0.9,0,10,0.3,vcg_scoring,1 50,collusion,1,0.75,10,100,0,nan,0,0,0,0
20220223,6,20,6,0.9,0,10,0.4,vcg_scoring,1 50,collusion,1,0.75,10,100,0,nan,0,0,0,0
20220223,6,20,6,0.9,0,10,0.5,vcg_scoring,1 50,collusion,1,0.75,10,100,0.01,0.92,0,0,0,0
20220223,6,20,6,0.9,0,10,0.6,vcg_scoring,1 50,collusion,1,0.75,10,100,0.17,0.81,0,0.01,0.02,0
20220223,6,20,6,0.9,0,10,0.7,vcg_scoring,1 50,collusion,1,0.75,10,100,1.3,0.85,0,0.05,0.09,0
20220223,6,20,6,0.9,0,10,0.8,vcg_scoring,1 50,collusion,1,0.75,10,100,4.6,0.89,0.06,0.14,0.12,0
20220223,6,20,6,0.9,0,10,0.9,vcg_scoring,1 50,collusion,1,0.75,10,100,6,0.95,0.24,0.21,0.03,0
20220223,10,20,6,0.9,0,2,0.8,vcg_scoring,1 50,collusion,1,0.75,10,100,5.89,0.93,0.22,0.19,0.01,0
20220223,10,20,6,0.9,0,4,0.8,vcg_scoring,1 50,collusion,1,0.75,10,100,5.83,0.94,0.2,0.18,0.01,0
20220223,10,20,6,0.9,0,6,0.8,vcg_scoring,1 50,collusion,1,0.75,10,100,5.82,0.95,0.2,0.18,0.01,0
20220223,10,20,6,0.9,0,8,0.8,vcg_scoring,1 50,collusion,1,0.75,10,100,5.76,0.94,0.19,0.17,0.02,0
20220223,10,20,6,0.9,0,10,0.8,vcg_scoring,1 50,collusion,1,0.75,10,100,5.79,0.95,0.2,0.17,0.01,0
20220223,10,20,6,0.9,0,12,0.8,vcg_scoring,1 50,collusion,1,0.75,10,100,5.74,0.94,0.18,0.17,0.02,0
20220223,10,20,6,0.9,0,15,0.8,vcg_scoring,1 50,collusion,1,0.75,10,100,5.76,0.95,0.18,0.17,0.02,0
20220223,10,20,6,0.9,0,20,0.8,vcg_scoring,1 50,collusion,1,0.75,10,100,5.72,0.95,0.18,0.17,0.01,0
20220223,10,20,6,0.9,0,30,0.8,vcg_scoring,1 50,collusion,1,0.75,10,100,5.73,0.95,0.18,0.17,0.01,0
20220223,10,20,6,0.9,0,50,0.8,vcg_scoring,1 50,collusion,1,0.75,10,100,5.75,0.95,0.18,0.17,0.01,0
20220223,1,20,6,0.9,0,2,0.8,vcg_scoring,1 5,collusion,1,0.75,10,100,6.34,0.92,0.46,0,0.32,0
20220223,2,20,6,0.9,0,2,0.8,vcg_scoring,1 5,collusion,1,0.75,10,100,6.26,0.92,0.25,0.35,0.16,0
20220223,3,20,6,0.9,0,2,0.8,vcg_scoring,1 5,collusion,1,0.75,10,100,6.03,0.93,0.24,0.22,0.08,0
20220223,4,20,6,0.9,0,2,0.8,vcg_scoring,1 5,collusion,1,0.75,10,100,6.01,0.93,0.28,0.22,0.05,0
20220223,5,20,6,0.9,0,2,0.8,vcg_scoring,1 5,collusion,1,0.75,10,100,6.02,0.93,0.28,0.21,0.03,0
20220223,6,20,6,0.9,0,2,0.8,vcg_scoring,1 5,collusion,1,0.75,10,100,6.01,0.93,0.26,0.21,0.03,0
20220223,7,20,6,0.9,0,2,0.8,vcg_scoring,1 5,collusion,1,0.75,10,100,5.99,0.93,0.26,0.2,0.02,0
20220223,8,20,6,0.9,0,2,0.8,vcg_scoring,1 5,collusion,1,0.75,10,100,6,0.93,0.27,0.2,0.02,0
20220223,9,20,6,0.9,0,2,0.8,vcg_scoring,1 5,collusion,1,0.75,10,100,5.99,0.94,0.26,0.2,0.01,0
20220223,10,20,6,0.9,0,2,0.8,vcg_scoring,1 5,collusion,1,0.75,10,100,6,0.94,0.25,0.19,0.01,0
20220223,1,20,6,0.9,0,2,0.8,vcg_scoring,5 5,collusion,1,0.75,10,100,7.72,0.88,1.43,0,0.28,0
20220223,2,20,6,0.9,0,2,0.8,vcg_scoring,5 5,collusion,1,0.75,10,100,7.11,0.89,0.61,0.57,0.14,0
20220223,3,20,6,0.9,0,2,0.8,vcg_scoring,5 5,collusion,1,0.75,10,100,6.44,0.89,0.32,0.36,0.1,0
20220223,4,20,6,0.9,0,2,0.8,vcg_scoring,5 5,collusion,1,0.75,10,100,6.25,0.9,0.3,0.28,0.08,0
20220223,5,20,6,0.9,0,2,0.8,vcg_scoring,5 5,collusion,1,0.75,10,100,6.24,0.9,0.3,0.27,0.04,0
20220223,6,20,6,0.9,0,2,0.8,vcg_scoring,5 5,collusion,1,0.75,10,100,6.16,0.9,0.32,0.23,0.03,0
20220223,7,20,6,0.9,0,2,0.8,vcg_scoring,5 5,collusion,1,0.75,10,100,6.13,0.9,0.31,0.22,0.02,0
20220223,8,20,6,0.9,0,2,0.8,vcg_scoring,5 5,collusion,1,0.75,10,100,6.2,0.9,0.29,0.24,0.02,0
20220223,9,20,6,0.9,0,2,0.8,vcg_scoring,5 5,collusion,1,0.75,10,100,6.12,0.91,0.29,0.21,0.02,0
20220223,10,20,6,0.9,0,2,0.8,vcg_scoring,5 5,collusion,1,0.75,10,100,6.12,0.91,0.27,0.21,0.02,0
20220223,1,20,6,0.9,0,2,0.8,vcg_scoring,5 5,collusion,1,0.75,10,100,6,0.89,-0.08,0,0.51,0
20220223,2,20,6,0.9,0,2,0.8,vcg_scoring,5 5,collusion,1,0.75,10,100,6,0.89,0.06,0.23,0.21,0
20220223,3,20,6,0.9,0,2,0.8,vcg_scoring,5 5,collusion,1,0.75,10,100,6,0.89,0.12,0.27,0.13,0
20220223,4,20,6,0.9,0,2,0.8,vcg_scoring,5 5,collusion,1,0.75,10,100,6,0.9,0.2,0.25,0.09,0
20220223,5,20,6,0.9,0,2,0.8,vcg_scoring,5 5,collusion,1,0.75,10,100,6,0.89,0.22,0.24,0.06,0
20220223,6,20,6,0.9,0,2,0.8,vcg_scoring,5 5,collusion,1,0.75,10,100,6,0.89,0.22,0.3,0.04,0
20220223,7,20,6,0.9,0,2,0.8,vcg_scoring,5 5,collusion,1,0.75,10,100,6,0.9,0.28,0.22,0.03,0
20220223,8,20,6,0.9,0,2,0.8,vcg_scoring,5 5,collusion,1,0.75,10,100,6,0.91,0.26,0.24,0.02,0
20220223,9,20,6,0.9,0,2,0.8,vcg_scoring,5 5,collusion,1,0.75,10,100,6,0.9,0.27,0.22,0.02,0
20220223,10,20,6,0.9,0,2,0.8,vcg_scoring,5 5,collusion,1,0.75,10,100,6,0.9,0.23,0.24,0.02,0
20220223,1,20,6,0.9,0,2,0.8,vcg_scoring,5 5,collusion,1,0.75,10,100,6,0.87,-0.15,0,0.54,0
20220223,2,20,6,0.9,0,2,0.8,vcg_scoring,5 5,collusion,1,0.75,10,100,6,0.88,0.05,0.23,0.23,0
20220223,3,20,6,0.9,0,2,0.8,vcg_scoring,5 5,collusion,1,0.75,10,100,6,0.9,0.16,0.23,0.11,0
20220223,4,20,6,0.9,0,2,0.8,vcg_scoring,5 5,collusion,1,0.75,10,100,6,0.9,0.18,0.27,0.09,0
20220223,5,20,6,0.9,0,2,0.8,vcg_scoring,5 5,collusion,1,0.75,10,100,6,0.9,0.21,0.27,0.05,0
20220223,6,20,6,0.9,0,2,0.8,vcg_scoring,5 5,collusion,1,0.75,10,100,6,0.9,0.25,0.26,0.04,0
20220223,7,20,6,0.9,0,2,0.8,vcg_scoring,5 5,collusion,1,0.75,10,100,6,0.9,0.26,0.21,0.03,0
20220223,8,20,6,0.9,0,2,0.8,vcg_scoring,5 5,collusion,1,0.75,10,100,6,0.9,0.24,0.24,0.03,0
20220223,9,20,6,0.9,0,2,0.8,vcg_scoring,5 5,collusion,1,0.75,10,100,6,0.9,0.22,0.29,0.03,0
20220223,10,20,6,0.9,0,2,0.8,vcg_scoring,5 5,collusion,1,0.75,10,100,6,0.91,0.25,0.25,0.02,0
20220223,1,20,3,0.9,0,2,0.8,vcg_scoring,5 5,collusion,1,0.75,10,100,3,0.89,-0.02,0,0.29,0
20220223,2,20,3,0.9,0,2,0.8,vcg_scoring,5 5,collusion,1,0.75,10,100,3,0.89,0.07,0.08,0.27,0
20220223,3,20,3,0.9,0,2,0.8,vcg_scoring,5 5,collusion,1,0.75,10,100,3,0.9,0.13,0.09,0.21,0
20220223,4,20,3,0.9,0,2,0.8,vcg_scoring,5 5,collusion,1,0.75,10,100,3,0.92,0.13,0.13,0.11,0
20220223,1,20,3,0.9,0,2,0.8,vcg_scoring,5 5,collusion,1,0.75,10,100,3,0.89,-0.03,0,0.28,0
20220223,2,20,3,0.9,0,2,0.8,vcg_scoring,5 5,collusion,1,0.75,10,100,3,0.89,0.09,0.07,0.24,0
20220223,3,20,3,0.9,0,2,0.8,vcg_scoring,5 5,collusion,1,0.75,10,100,3,0.9,0.11,0.1,0.22,0
20220223,4,20,3,0.9,0,2,0.8,vcg_scoring,5 5,collusion,1,0.75,10,100,3,0.89,0.01,0.26,0.15,0
20220223,4,20,3,0.9,0,2,0.8,vcg_scoring,5 5,collusion,1,0.75,10,100,3,0.91,0.12,0.14,0.12,0
20220223,4,20,3,0.9,0,2,0.8,vcg_scoring,5 5,collusion,1,0.75,10,100,3,0.9,0.11,0.15,0.13,0
20220223,4,20,3,0.9,0,2,0.8,vcg_scoring,5 5,collusion,1,0.75,10,100,3,0.91,0.13,0.12,0.12,0
20220223,4,20,3,0.9,0,2,0.8,vcg_scoring,5 5,collusion,1,0.75,10,100,3,0.9,0.08,0.19,0.12,0
20220223,4,20,3,0.9,0,2,0.8,vcg_scoring,5 5,collusion,1,0.75,10,100,3,0.9,0.09,0.18,0.12,0
20220223,4,20,3,0.9,0,2,0.8,vcg_scoring,5 5,collusion,1,0.75,10,100,3,0.91,0.12,0.14,0.12,0
20220223,4,20,3,0.9,0,2,0.8,vcg_scoring,5 5,collusion,1,0.75,10,100,3,0.9,0.14,0.11,0.13,0
20220223,5,20,3,0.9,0,2,0.8,vcg_scoring,5 5,collusion,1,0.75,10,100,3,0.91,0.12,0.17,0.04,0
20220223,6,20,3,0.9,0,2,0.8,vcg_scoring,5 5,collusion,1,0.75,10,100,3,0.9,0.11,0.2,0.04,0
20220223,7,20,3,0.9,0,2,0.8,vcg_scoring,5 5,collusion,1,0.75,10,100,3,0.9,0.1,0.24,0.02,0
20220223,8,20,3,0.9,0,2,0.8,vcg_scoring,5 5,collusion,1,0.75,10,100,3,0.9,0.14,0.16,0.02,0
20220223,9,20,3,0.9,0,2,0.8,vcg_scoring,5 5,collusion,1,0.75,10,100,3,0.91,0.13,0.19,0.02,0
20220223,10,20,3,0.9,0,2,0.8,vcg_scoring,5 5,collusion,1,0.75,10,100,3,0.92,0.17,0.12,0.01,0
20220223,1,20,3,0.9,0,2,0.8,vcg_scoring,5 5,collusion,1,0.75,10,100,3,0.89,-0.04,0,0.3,0
20220223,2,20,3,0.9,0,2,0.8,vcg_scoring,5 5,collusion,1,0.75,10,100,3,0.89,0.09,0.07,0.25,0
20220223,3,20,3,0.9,0,2,0.8,vcg_scoring,5 5,collusion,1,0.75,10,100,3,0.9,0.1,0.11,0.21,0
20220223,4,20,3,0.9,0,2,0.8,vcg_scoring,5 5,collusion,1,0.75,10,100,3,0.91,0.11,0.16,0.12,0
20220223,5,20,3,0.9,0,2,0.8,vcg_scoring,5 5,collusion,1,0.75,10,100,3,0.9,0.13,0.14,0.04,0
20220223,6,20,3,0.9,0,2,0.8,vcg_scoring,5 5,collusion,1,0.75,10,100,3,0.91,0.14,0.15,0.03,0
20220223,7,20,3,0.9,0,2,0.8,vcg_scoring,5 5,collusion,1,0.75,10,100,3,0.9,0.14,0.16,0.03,0
20220223,8,20,3,0.9,0,2,0.8,vcg_scoring,5 5,collusion,1,0.75,10,100,3,0.91,0.15,0.17,0.02,0
20220223,9,20,3,0.9,0,2,0.8,vcg_scoring,5 5,collusion,1,0.75,10,100,3,0.9,0.15,0.14,0.01,0
20220223,10,20,3,0.9,0,2,0.8,vcg_scoring,5 5,collusion,1,0.75,10,100,3,0.9,0.15,0.16,0.01,0
20220223,1,20,3,0.9,0,2,0.8,vcg_scoring,1 100,collusion,1,0.75,10,100,3,0.96,0.18,0,0.12,0
20220223,2,20,3,0.9,0,2,0.8,vcg_scoring,1 100,collusion,1,0.75,10,100,3,0.95,0.09,0.16,0.08,0
20220223,3,20,3,0.9,0,2,0.8,vcg_scoring,1 100,collusion,1,0.75,10,100,3,0.95,0.14,0.14,0.09,0
20220223,4,20,3,0.9,0,2,0.8,vcg_scoring,1 100,collusion,1,0.75,10,100,3,0.97,0.18,0.11,0.05,0
20220223,5,20,3,0.9,0,2,0.8,vcg_scoring,1 100,collusion,1,0.75,10,100,3,0.96,0.17,0.12,0.03,0
20220223,6,20,3,0.9,0,2,0.8,vcg_scoring,1 100,collusion,1,0.75,10,100,3,0.96,0.18,0.11,0.02,0
20220223,7,20,3,0.9,0,2,0.8,vcg_scoring,1 100,collusion,1,0.75,10,100,3,0.96,0.17,0.11,0.01,0
20220223,8,20,3,0.9,0,2,0.8,vcg_scoring,1 100,collusion,1,0.75,10,100,3,0.96,0.16,0.12,0.01,0
20220223,9,20,3,0.9,0,2,0.8,vcg_scoring,1 100,collusion,1,0.75,10,100,3,0.96,0.16,0.12,0.01,0
20220223,10,20,3,0.9,0,2,0.8,vcg_scoring,1 100,collusion,1,0.75,10,100,3,0.96,0.16,0.1,0.01,0
20220223,1,20,3,0.9,0,200,0.8,vcg_scoring,1 100,collusion,1,0.75,10,100,2.99,0.97,0.22,0,0.08,0
20220223,2,20,3,0.9,0,200,0.8,vcg_scoring,1 100,collusion,1,0.75,10,100,2.99,0.97,0.13,0.14,0.04,0
20220223,3,20,3,0.9,0,200,0.8,vcg_scoring,1 100,collusion,1,0.75,10,100,2.99,0.98,0.13,0.13,0.03,0
20220223,4,20,3,0.9,0,200,0.8,vcg_scoring,1 100,collusion,1,0.75,10,100,2.99,0.97,0.12,0.12,0.03,0
20220223,5,20,3,0.9,0,200,0.8,vcg_scoring,1 100,collusion,1,0.75,10,100,2.99,0.98,0.12,0.12,0.03,0
20220223,6,20,3,0.9,0,200,0.8,vcg_scoring,1 100,collusion,1,0.75,10,100,2.99,0.97,0.12,0.11,0.02,0
20220223,7,20,3,0.9,0,200,0.8,vcg_scoring,1 100,collusion,1,0.75,10,100,2.99,0.98,0.12,0.11,0.02,0
20220223,8,20,3,0.9,0,200,0.8,vcg_scoring,1 100,collusion,1,0.75,10,100,2.99,0.98,0.12,0.11,0.01,0
20220223,9,20,3,0.9,0,200,0.8,vcg_scoring,1 100,collusion,1,0.75,10,100,2.99,0.97,0.11,0.11,0.02,0
20220223,10,20,3,0.9,0,200,0.8,vcg_scoring,1 100,collusion,1,0.75,10,100,3,0.97,0.11,0.1,0.01,0
20220223,5,20,3,0.9,0,10,0.5,vcg_scoring,1 5,collusion,1,0.75,10,100,1.52,0.84,0.01,0.08,0.1,0
20220223,5,20,3,0.9,0,10,0.6,vcg_scoring,1 5,collusion,1,0.75,10,100,2.39,0.86,0.04,0.11,0.12,0
20220223,5,20,3,0.9,0,10,0.7,vcg_scoring,1 5,collusion,1,0.75,10,100,2.94,0.91,0.09,0.13,0.08,0
20220223,5,20,3,0.9,0,10,0.8,vcg_scoring,1 5,collusion,1,0.75,10,100,3,0.96,0.15,0.11,0.03,0
20220223,5,20,3,0.9,0,10,0.9,vcg_scoring,1 5,collusion,1,0.75,10,100,3,0.98,0.2,0.11,0.01,0
20240606,5,20,3,0.9,0,10,0.5,vcg_scoring,1 5,collusion,1,0.75,10,100,1.43,0.84,0.01,0.07,0.1,0
20240606,5,20,3,0.9,0,10,0.6,vcg_scoring,1 5,collusion,1,0.75,10,100,2.45,0.87,0.04,0.11,0.11,0
20240606,5,20,3,0.9,0,10,0.7,vcg_scoring,1 5,collusion,1,0.75,10,100,2.95,0.91,0.09,0.12,0.08,0
20240606,5,20,3,0.9,0,10,0.8,vcg_scoring,1 5,collusion,1,0.75,10,100,3,0.95,0.15,0.12,0.04,0
20240606,5,20,3,0.9,0,10,0.9,vcg_scoring,1 5,collusion,1,0.75,10,100,3,0.98,0.2,0.11,0.01,0